<?xml version="1.0" encoding="utf-8"?>
<window type="dialog">
    <allowoverlay>no</allowoverlay>
    <defaultcontrol always="true">1000</defaultcontrol>
    <coordinates>
        <system>1</system>
        <posx>0</posx>
        <posy>0</posy>
    </coordinates>

    <controls>
        <control type="image">
            <posx>0</posx>
            <posy>0</posy>
            <width>1280</width>
            <height>720</height>
            <texture>black-back.png</texture>
        </control>
        <control type="image">
            <posx>0</posx>
            <posy>0</posy>
            <width>1280</width>
            <height>720</height>
            <texture>black-back.png</texture>
        </control>
        <control type="image" id="4025">
            <description>Addon Logo</description>
            <posx>20</posx>
            <posy>645</posy>
            <width>170</width>
            <height>50</height>
            <aspectratio>keep</aspectratio>
            <align>left</align>
            <texture>-</texture>
            <visible>true</visible>
        </control>

        <control type="label" id="4026">
            <description>Addon Name</description>
            <posx>200</posx>
            <posy>650</posy>
            <width>240</width>
            <height>40</height>
            <align>left</align>
            <aligny>center</aligny>
            <font>font13_title</font>
            <textcolor>white</textcolor>
            <label></label>
            <align>left</align>
            <scroll>true</scroll>
        </control>
        <control type="label" id="4000">
            <posx>330</posx>
            <posy>400</posy>
            <width>600</width>
            <height>80</height>
            <textcolor>ffffffff</textcolor>
            <font>font13</font>
            <align>center</align>
            <label>[B]$ADDON[script.jedi.guide 30700][/B]</label>
            <wrapmultiline>true</wrapmultiline>
        </control>

        <control type="fixedlist" id="1000">
            <posx>0</posx>
            <posy>200</posy>
            <width>1280</width>
            <height>180</height>
            <viewtype label="list">list</viewtype>
            <orientation>horizontal</orientation>
            <focusposition>3</focusposition>

            <itemlayout width="200" height="200">
                <control type="image">
                    <posx>0</posx>
                    <posy>0</posy>
                    <width>200</width>
                    <height>20180</height>
                    <texture>tvg-button-nofocus.png</texture>
                    <visible>false</visible>
                </control>
                <control type="image">
                    <posx>31</posx>
                    <posy>16</posy>
                    <width>128</width>
                    <height>128</height>
                    <info>ListItem.Icon</info>
                </control>
                <control type="label">
                    <posx>0</posx>
                    <posy>150</posy>
                    <width>200</width>
                    <height>40</height>
                    <align>center</align>
                    <font>font13</font>
                    <textcolor>ffffffff</textcolor>
                    <info>ListItem.Label</info>
                </control>
            </itemlayout>
            <focusedlayout width="200" height="200">
                <control type="image">
                    <posx>0</posx>
                    <posy>0</posy>
                    <width>200</width>
                    <height>180</height>
                    <texture>tvg-button-focus.png</texture>
                    <visible>Control.HasFocus(1000)</visible>
                </control>
                <control type="image">
                    <posx>35</posx>
                    <posy>16</posy>
                    <width>128</width>
                    <height>128</height>
                    <aspectratio>keep</aspectratio>
                    <info>ListItem.Icon</info>
                </control>
                <control type="label">
                    <posx>0</posx>
                    <posy>150</posy>
                    <width>200</width>
                    <height>40</height>
                    <align>center</align>
                    <font>font13</font>
                    <textcolor>ffffffff</textcolor>
                    <info>ListItem.Label</info>
                </control>
            </focusedlayout>
        </control>
    </controls>
</window>